sourceCommit,path,bytes,sha256,category
b1104bbd05e4f7f360ace83ec6d8ccc16ed1b0e1,ArtSource/BlenderPilot/Emberfall-Pilot-Props.blend,1483512,91271db448c2bbb915997963f06ba9d983fcf850ab362d34f272b23b924768e2,authoring/review
b1104bbd05e4f7f360ace83ec6d8ccc16ed1b0e1,ArtSource/BlenderPilot/Emberfall-Pilot-Vanguard.blend,3255424,40cd32d40e0f715c953fba556623e2c62e409724721f5b954a84ab98818d7c6b,authoring/review
b1104bbd05e4f7f360ace83ec6d8ccc16ed1b0e1,ArtSource/BlenderPilot/PROVENANCE.txt,419,4eda7046a9467a4e82785c4060743c9ea0ff1f2afe3d83dbd40136feb1ec2265,authoring/review
b1104bbd05e4f7f360ace83ec6d8ccc16ed1b0e1,ArtSource/BlenderPilot/assemble_vfx_video.py,2236,e724f70f739ee928bf7f6dd56a646f100a612c914e55e9d16bbcaa5754514895,authoring/review
b1104bbd05e4f7f360ace83ec6d8ccc16ed1b0e1,ArtSource/BlenderPilot/build_pilot.py,13291,6a50f21054177d1d74910bef91d2c70269b1ad07f138a1d5b923d89108368edd,authoring/review
b1104bbd05e4f7f360ace83ec6d8ccc16ed1b0e1,ArtSource/BlenderPilot/build_vanguard.py,16202,cec8c477a7ed7c84bef7998c9e272e86a810dfe06dd3e23bffbac8daebc95cb5,authoring/review
b1104bbd05e4f7f360ace83ec6d8ccc16ed1b0e1,ArtSource/BlenderPilot/export-manifest.json,2033,91aaf2a8d3e1d9ff7e61f6c8419ca6cbe9c1538e6f28a2f06ecc7214a05f8d65,authoring/review
b1104bbd05e4f7f360ace83ec6d8ccc16ed1b0e1,ArtSource/BlenderPilot/export_vanguard_fbx.py,3172,969a40a114afb422a897c6ed08303739cd4d61f07045cc99a0fbd46422a2f368,authoring/review
b1104bbd05e4f7f360ace83ec6d8ccc16ed1b0e1,ArtSource/BlenderPilot/prop-budget.json,1006,9491a59e0a16cf04731fbf222adc2d9ac77dbf79250ca7683b9e62e618b7a1ae,authoring/review
b1104bbd05e4f7f360ace83ec6d8ccc16ed1b0e1,ArtSource/BlenderPilot/render_comparison.py,1795,8286d6c4e5cf2b1f1a59f7b3993c1ae310c0e27e165dc064b434ca1c72fe8f9f,authoring/review
b1104bbd05e4f7f360ace83ec6d8ccc16ed1b0e1,ArtSource/BlenderPilot/render_vfx_comparison.py,13981,95e3f8aaf2ddb449725a6ad2719429c730c24c386521ab0f606d6061ba717b79,authoring/review
b1104bbd05e4f7f360ace83ec6d8ccc16ed1b0e1,ArtSource/BlenderPilot/validate_and_preview.py,3648,71c41d471ddcf64ca92b17c447207ab6a9a18837a1da64dc7eb51295c1cf5651,authoring/review
b1104bbd05e4f7f360ace83ec6d8ccc16ed1b0e1,ArtSource/BlenderPilot/validate_fbx_motion.py,3399,4eb5390e744894668b926b453c803bae50b63731df9b4c1d1d6475f7ac4374b9,authoring/review
b1104bbd05e4f7f360ace83ec6d8ccc16ed1b0e1,ArtSource/BlenderPilot/validation-blender.json,3904,70eb82078f726b2a3b7ab21d4cd925dd605111935a294c96e809151a112804ab,authoring/review
b1104bbd05e4f7f360ace83ec6d8ccc16ed1b0e1,ArtSource/BlenderPilot/validation-fbx-motion.json,1661,e7890896fdaa8cb6f689c995d5812fbe244d07dbf07bddc176aec17f4097f5ec,authoring/review
b1104bbd05e4f7f360ace83ec6d8ccc16ed1b0e1,ArtSource/BlenderPilot/vanguard-budget.json,804,e486a787d8b5bbe5e32a86a8b18e8cb9d3588c557bcb04c536f2318dcd4d0c6c,authoring/review
b1104bbd05e4f7f360ace83ec6d8ccc16ed1b0e1,ArtSource/BlenderPilotRefinement/README.md,6899,b643f2d5a101fb91a789867523ba09125025a51cd99d5cb54e6369db7aa1d5d0,authoring/review
b1104bbd05e4f7f360ace83ec6d8ccc16ed1b0e1,ArtSource/BlenderPilotRefinement/Review/Comparison-back.png,586986,afe7e6a01af99c1200912f58657f4c71869a873c4020951a6ebf3235f39f7779,authoring/review
b1104bbd05e4f7f360ace83ec6d8ccc16ed1b0e1,ArtSource/BlenderPilotRefinement/Review/Comparison-front.png,560087,40389d36d8c90cfd06d78a52f0dfbf75d6d25f73a0d0934fab5d8ab5fd7b5a65,authoring/review
b1104bbd05e4f7f360ace83ec6d8ccc16ed1b0e1,ArtSource/BlenderPilotRefinement/Review/Comparison-side.png,577595,4bbad3f6ddfdb18ef6b9a7b90f9a720238933c1bcc6cd3292001b68c4a941d2a,authoring/review
b1104bbd05e4f7f360ace83ec6d8ccc16ed1b0e1,ArtSource/BlenderPilotRefinement/Review/Comparison-skill.png,346615,b8e3f47b54a7e628ae66b02cbf0e245c2a9555e7a3cb92a3234c9743f5ae2cd1,authoring/review
b1104bbd05e4f7f360ace83ec6d8ccc16ed1b0e1,ArtSource/BlenderPilotRefinement/Review/adapters.txt,1130,d2865b16bc4ae00b6c352610967b6d8c0b9edb2f9c6ffeef1b89c12feeb38218,authoring/review
b1104bbd05e4f7f360ace83ec6d8ccc16ed1b0e1,ArtSource/BlenderPilotRefinement/Review/contract.json,2841,b68c6c9904d75375476f17f0fe3431a9b944bb244d479c53e64fe090df3d738a,authoring/review
b1104bbd05e4f7f360ace83ec6d8ccc16ed1b0e1,ArtSource/BlenderPilotRefinement/Review/evidence-manifest.json,6809,75ec384dcc1c9797bf68bf890e08db823864a9cfd10c30e55d9cc4bdeb25bb0c,authoring/review
b1104bbd05e4f7f360ace83ec6d8ccc16ed1b0e1,ArtSource/BlenderPilotRefinement/Review/inventory.json,432,08a2f0765fb26c4d532bc13f84f07e302b8cc880f7567886a12f8ade60b07bfe,authoring/review
b1104bbd05e4f7f360ace83ec6d8ccc16ed1b0e1,ArtSource/BlenderPilotRefinement/Review/pose-policy.txt,1232,32fafddc78d0dad77af1e423f9b621cbdc18c28c84697ff51ca3c78720de9e7b,authoring/review
b1104bbd05e4f7f360ace83ec6d8ccc16ed1b0e1,ArtSource/BlenderPilotRefinement/assemble_comparison.py,1106,be40f3d90d85b59903bc842b290d4f1cf0dcee7860dc7714d4a196a29187327d,authoring/review
b1104bbd05e4f7f360ace83ec6d8ccc16ed1b0e1,ArtSource/BlenderPilotRefinement/render_refinement.py,4228,e05a185ac1c3b383ce2804876f108649714c2e1a19f11ec1cf54e1fb6293d468,authoring/review
b1104bbd05e4f7f360ace83ec6d8ccc16ed1b0e1,ArtSource/BlenderPilotRefinement/update_inventory.py,1055,5446e28768fb87fb5eac7ec6bfea0b07cf31fa2377afb7d2fc86a56920f3695e,authoring/review
b1104bbd05e4f7f360ace83ec6d8ccc16ed1b0e1,ArtSource/BlenderPilotRefinement/validate_contract.py,4815,9a2e68ebcbf09b7e56470ed2661617fed3bb7273591ab992f2bf0e4366eb4950,authoring/review
b1104bbd05e4f7f360ace83ec6d8ccc16ed1b0e1,ArtSource/Review/Class-Rear-New.png,1659205,9a0eec5f3f99d5eae8669df797a49fee4a05d03ed11a3179146fe259348309e0,authoring/review
b1104bbd05e4f7f360ace83ec6d8ccc16ed1b0e1,ArtSource/Review/Class-Rear-Old.png,1642487,28b4c30f7de739fb0d0a1ea23fc85fc2c33c67ed389fe2f50edb52f128deb687,authoring/review
b1104bbd05e4f7f360ace83ec6d8ccc16ed1b0e1,ArtSource/Review/Emberfall-Pilot-Five-Actions.mp4,246143,3b31d314e80b0f47e125de132d661873b434de2fe1ba02526817a8827a8d88c1,authoring/review
b1104bbd05e4f7f360ace83ec6d8ccc16ed1b0e1,ArtSource/Review/Emberfall-Pilot-Props.png,3334532,beeb6e7fb084d8bd8581987cc85f6a7639f8646199f87fb0ca224b2d1c4748b3,authoring/review
b1104bbd05e4f7f360ace83ec6d8ccc16ed1b0e1,ArtSource/Review/Emberfall-Pilot-Vanguard.png,1776874,b7afb461ddd815f3a628e25281b49f3fee005a4a0536075cb054c6fb21c3e22c,authoring/review
b1104bbd05e4f7f360ace83ec6d8ccc16ed1b0e1,ArtSource/Review/Emberfall-VFX-After.mp4,462159,ebb499929dc237964fbebe47663b652c1da2363942f6f587c95f67d9687654a6,authoring/review
b1104bbd05e4f7f360ace83ec6d8ccc16ed1b0e1,ArtSource/Review/Emberfall-VFX-Before.mp4,286963,749f7545a8df6b5b53b87867fafaa9d8c5460311af9bc4f1c2c9defff11ea1d2,authoring/review
b1104bbd05e4f7f360ace83ec6d8ccc16ed1b0e1,ArtSource/Review/README.md,643,de3ceb3b8464f56bb7c4766b2794dea9ef4552efafdcf78428618650c4c902ee,authoring/review
b1104bbd05e4f7f360ace83ec6d8ccc16ed1b0e1,ArtSource/Review/Redrock-Replay/README.md,2372,5e949458f169f27e775a2c108d566acc1bd63c2c97c23487c4d575ddcf4f017f,authoring/review
b1104bbd05e4f7f360ace83ec6d8ccc16ed1b0e1,ArtSource/Review/Redrock-Replay/export.py,8074,f57194705d472128e1eac216e6be16a658a81f90a27f09fcc4dac92b9b269f44,authoring/review
b1104bbd05e4f7f360ace83ec6d8ccc16ed1b0e1,ArtSource/Review/Redrock-Replay/routes.json,8153,1d3ee5abaf1ce149be93c6e0373f70464a7b2e267edd5ae0b15bb3130fddb167,authoring/review
b1104bbd05e4f7f360ace83ec6d8ccc16ed1b0e1,ArtSource/Review/Redrock-Replay/routes.svg,7127,19bacd57790ab715d4c5912ba7f48116ade3677f39515ec0c4d94f1beb4196e3,authoring/review
b1104bbd05e4f7f360ace83ec6d8ccc16ed1b0e1,ArtSource/Review/Scenery-Comparison.png,1003596,312ab62b9681490721c965858966c4fa3c702b79262b5667521b67118538e4e1,authoring/review
b1104bbd05e4f7f360ace83ec6d8ccc16ed1b0e1,ArtSource/Review/VFX-After-Frame024.png,821845,675a15128ae3c898ce8630062d75540d92067e8d600324feffc95edd485de1fd,authoring/review
b1104bbd05e4f7f360ace83ec6d8ccc16ed1b0e1,ArtSource/Review/VFX-Baseline-03422ab.json,354030,1dd484a473987317fc6dbb6e687cd00af8a19e41d8e5c4a78a88a763b2de9f23,authoring/review
b1104bbd05e4f7f360ace83ec6d8ccc16ed1b0e1,ArtSource/Review/VFX-Before-Frame124.png,809223,742a8d8ab36fa5a056635c2100dee6e848332b2fc40df65fda4c434fd91bb401,authoring/review
b1104bbd05e4f7f360ace83ec6d8ccc16ed1b0e1,ArtSource/Review/VFX-Comparison.md,2263,78919c570371032459e439815185c5ebd6e33f4e43279952c3a07bbfcc6f2bfc,authoring/review
b1104bbd05e4f7f360ace83ec6d8ccc16ed1b0e1,ArtSource/Review/Vanguard-Gray-Comparison.png,1877279,03b9c63dbf2576c1b0584540f0b111ce63fbb1de93ba420f1a5c2ccdf18d36e6,authoring/review
b1104bbd05e4f7f360ace83ec6d8ccc16ed1b0e1,ArtSource/VfxBaseline/Program.cs,4681,373dea7ed02c6438e1c7369a8555ee9d4f760819aed4896423bb99b1a0d7e3ed,authoring/review
b1104bbd05e4f7f360ace83ec6d8ccc16ed1b0e1,ArtSource/VfxBaseline/README.md,4943,06a9350686b7afbed78c2500ba43654a6ccb155927fd5b85e1f88abd84349664,authoring/review
b1104bbd05e4f7f360ace83ec6d8ccc16ed1b0e1,ArtSource/VfxBaseline/export_baseline.py,4570,2b2d121871516faab8b151d89fba2e961fc6d8a33704c0c86429e5e1f0a2c78b,authoring/review
b1104bbd05e4f7f360ace83ec6d8ccc16ed1b0e1,ArtSource/VfxBaseline/export_with_ribbon.py,6059,0dfef59d24fad0101f9355fceb9773f28ef3fb01f8bc1dcf4e832a752a5bad41,authoring/review
b1104bbd05e4f7f360ace83ec6d8ccc16ed1b0e1,ArtSource/VfxBaseline/validate_export.py,1564,c02b3536cd72f2f99d60ea61c7b5451f3bb1930987a831e95789aae668ebdbcf,authoring/review
b1104bbd05e4f7f360ace83ec6d8ccc16ed1b0e1,ArtSource/VfxBaseline/validate_ribbon.py,1595,808400792a55e1c3dcf28528bffc00d11ad75862a2656258e0af2c700ba7f833,authoring/review
b1104bbd05e4f7f360ace83ec6d8ccc16ed1b0e1,Assets/Art/EmberfallIcon.png,1471724,614b5baefbe30a72e4ba69cc6a0b77505935a6f4245b6a8ba63cc6629b759ed6,runtime asset
b1104bbd05e4f7f360ace83ec6d8ccc16ed1b0e1,Assets/Resources/BlenderPilot/EmberfallPilot_Atlas.png,711012,5f29f01b6022bbd56b329a518309d90745e1bd8c248c246e8c97590792761717,runtime asset
b1104bbd05e4f7f360ace83ec6d8ccc16ed1b0e1,Assets/Resources/BlenderPilot/EmberfallPilot_MetallicSmoothness.png,20837,eafb0a4e74860da9fde51068bdd036d685d600531e93e6171edbe63eeffbe347,runtime asset
b1104bbd05e4f7f360ace83ec6d8ccc16ed1b0e1,Assets/Resources/BlenderPilot/Pilot_Atlas_Standard.mat,1143,0f7fb7faa5bee87fa39400389f61aa8fa6222b07a098c3fd99d3ee5cd0a1a17f,runtime asset
b1104bbd05e4f7f360ace83ec6d8ccc16ed1b0e1,Assets/Resources/BlenderPilot/StarEmberCampfire.fbx,37884,b940faca2e2f044dd91fdde290c2a6b95cc4db8bc16a0460b5ff07253cc1d926,runtime asset
b1104bbd05e4f7f360ace83ec6d8ccc16ed1b0e1,Assets/Resources/BlenderPilot/StarcoreSword.fbx,33228,bf36e9c9777f324f942b2ac29382d113c52fd6ce97ce7325ec3faec450e9ca16,runtime asset
b1104bbd05e4f7f360ace83ec6d8ccc16ed1b0e1,Assets/Resources/BlenderPilot/SupplyCrate.fbx,37804,98c820f44a44ed78608cf0d4a201308e737c7bbdc9d04874c8369ec423fe159f,runtime asset
b1104bbd05e4f7f360ace83ec6d8ccc16ed1b0e1,Assets/Resources/BlenderPilot/Vanguard.fbx,1439388,0dac3643c78b839a2d42ceee5b605f6e71f91a6addf4c9631a63c62372e5219c,runtime asset
b1104bbd05e4f7f360ace83ec6d8ccc16ed1b0e1,Assets/Resources/BlenderPilot/WayfarerTent.fbx,49196,0da4461f859aebd8eea27f3b242490f6ed428cdeedf52f224956a6af100eb4c1,runtime asset
b1104bbd05e4f7f360ace83ec6d8ccc16ed1b0e1,Assets/Resources/FilledSpell.shader,1614,e8e46aaf26c7c9cbc4b2687e3af28024faba7f3450477a8eb2776fdef0302653,runtime asset
b1104bbd05e4f7f360ace83ec6d8ccc16ed1b0e1,Assets/Resources/Fonts/EmberfallWorldLabels-LICENSE.txt,4296,393d167df935d8f03fbc8fad75593d1d11ccc8e6e9fa114aceb54a346ef011ad,runtime asset
b1104bbd05e4f7f360ace83ec6d8ccc16ed1b0e1,Assets/Resources/Fonts/EmberfallWorldLabels.otf,17584,768a642e815400a732b0071d78f979273ee8582b9d4d83cc42eb894888ef7199,runtime asset
b1104bbd05e4f7f360ace83ec6d8ccc16ed1b0e1,Assets/Resources/Fonts/LICENSE.txt,4301,6a73f9541c2de74158c0e7cf6b0a58ef774f5a780bf191f2d7ec9cc53efe2bf2,runtime asset
b1104bbd05e4f7f360ace83ec6d8ccc16ed1b0e1,Assets/Resources/Fonts/NotoSansSC-Regular.otf,8331336,faa6c9df652116dde789d351359f3d7e5d2285a2b2a1f04a2d7244df706d5ea9,runtime asset
b1104bbd05e4f7f360ace83ec6d8ccc16ed1b0e1,Assets/Resources/ThreatBoundary.shader,1009,030130b6f567d719a434593472c0990a834fec597a60cef2afdd1c1f691fcecd,runtime asset
